<?xml version="1.0" encoding="UTF-8" standalone="yes"?>
<addon id="plugin.audio.ici" name="ICI Radio" version="1.0.0" provider-name="Philippe Chevallier">
    <requires>
        <import addon="xbmc.python" version="2.24.0" />       
    </requires>
    <extension point="xbmc.python.pluginsource" library="default.py">
        <provides>audio</provides>
    </extension>
    <extension point="xbmc.addon.metadata">
        <summary lang="en">ICI Radio streams</summary>
        <license>GNU General Public License, v2</license>
        <description lang="en">ICI Radio from cities across Canada</description>
        <platform>all</platform>
        <source>https://github.com/pchevallier/plugin.audio.ici</source>
        <assets>
            <icon>icon.png</icon>
            <fanart>fanart.jpg</fanart>
        </assets>
    </extension>
</addon>
