<?xml version="1.0" encoding="UTF-8"?>
<addon id="plugin.video.equinoxe" name="Equinoxe Video Plugin" version="0.0.1" provider-name="Phil C">
<requires>
  <import addon="xbmc.python" version="3.0.1"/>
</requires>
<extension point="xbmc.python.pluginsource" library="main.py">
  <provides>video</provides>
</extension>
<extension point="xbmc.addon.metadata">
  <summary lang="en_GB">PhilC Kodi Video Plugin</summary>
  <description lang="en_GB">plugin from PhilC for Kodi mediacenter.</description>
  <disclaimer lang="en_GB">Public domain movies are provided by publicdomainmovie.net.</disclaimer>
  <license>GPL-3.0-only	</license>
  <assets>
    <icon>resources/images/icon.png</icon>
    <fanart>resources/images/fanart.jpg</fanart>
    <screenshot>resources/images/screenshot-1.jpg</screenshot>
    <screenshot>resources/images/screenshot-2.jpg</screenshot>
  </assets>
  <news>Updated with latest artwork metadata</news>
</extension>
</addon>