<?xml version="1.0" encoding="UTF-8" standalone="yes"?>
<addon id="service.vpn.manager"
       name="VPN Manager for OpenVPN"
       version="5.0.7"
       provider-name="Zomboided">
  <requires>
    <import addon="xbmc.python" version="2.7.0"/>
  </requires>
  <extension point="xbmc.service" library="service.py" start="startup" />
  <extension point="xbmc.python.module" library="libs" />
  <extension point="xbmc.python.pluginsource" library="addon.py">
    <provides>executable</provides>
  </extension>
  <extension point="xbmc.addon.metadata">
    <platform>all</platform>
    <summary lang="en">Configure and manage VPN connections using openVPN</summary>
    <description lang="en">Establish a connection to the VPN service and automatically switch VPN locations based on the add-on being used.</description>
  </extension>
</addon>
