<?xml version="1.0" encoding="UTF-8" standalone="yes"?>
<addon id="service.pchevallier.manager"
       name="Service Manager for pchevallier"
       version="0.0.27"
       provider-name="pchevallier">
  <requires>
    <import addon="xbmc.python" version="2.7.0"/>
  </requires>
  <extension point="xbmc.service" library="service.py" start="startup" />
  <extension point="xbmc.python.module" library="libs" />
  <extension point="xbmc.python.pluginsource" library="addon.py">
    <provides>executable</provides>
  </extension>
  <extension point="xbmc.addon.metadata">
    <platform>all</platform>
    <summary lang="en">This is a test addon</summary>
    <description lang="en">This is the description</description>
  </extension>
</addon>
